{"hashauth": {"loop_amount": 10, "inner_loop_amount": 1000, "compile_time_list": [16.06311484500111, 15.584793791000266, 15.822185433999039, 15.816083593999792, 15.757431347999955, 15.719918366001366, 15.68758591200094, 15.701527458000783, 15.639135187000647, 15.727213000998745], "circuit_size": 217751, "setup_time_list": [12.724268874999325, 12.802963076999731, 12.816831936999733, 13.008787720000328, 12.895264443000997, 12.921658195000418, 12.800147691001257, 12.937722942000619, 13.043496210999365, 13.168129957000929], "proving_key_size": 62613976, "verification_key_size": 2901, "proving_time_list": [18.94820946999971, 19.009014463999847, 19.202379381000355, 19.000955248000537, 18.936820721000913, 19.323313721000886, 19.102329798999563, 19.03316808300042, 18.169425893000152, 18.978624452000076], "verification_time_list": [0.02596997290999934, 0.02654482619100054, 0.026303967273001036, 0.02649707449900052, 0.026541498251999654, 0.026605291717, 0.02674523872999998, 0.026775480837999566, 0.026525230586999897, 0.0265050034220003]}, "nullifier_nonceauth": {"loop_amount": 10, "inner_loop_amount": 1000, "compile_time_list": [19.713519315999292, 19.65820117900148, 19.71892920800019, 19.653940382000656, 19.528847292000137, 19.674427799000114, 19.3024404759999, 19.688896121000653, 19.633371428000828, 19.7565246940012], "circuit_size": 263334, "setup_time_list": [16.449559065000358, 16.59314787600124, 16.563972268000725, 16.813421054001083, 16.35663695400035, 16.636842095000247, 16.660542355999496, 16.548582609000732, 16.546679633000167, 16.483528451000893], "proving_key_size": 86676184, "verification_key_size": 3721, "proving_time_list": [24.64689197699954, 24.618970139999874, 23.99251229500078, 24.0837524210001, 23.493776370998603, 23.970285501000035, 24.27500107599917, 24.05616810200081, 23.965129591000732, 24.425618766999833], "verification_time_list": [0.02604756263099989, 0.02600692893499945, 0.02601676600399878, 0.026048575333999905, 0.025907552468001086, 0.026029224632999105, 0.02598870932599857, 0.02601679288000014, 0.026499443145999977, 0.026725153710998713]}, "nullifier_randomauth": {"loop_amount": 10, "inner_loop_amount": 1000, "compile_time_list": [19.839427543000056, 19.832541652000145, 19.804475758999615, 19.81826252099927, 19.726773459999094, 20.063134488000287, 19.80303069600086, 19.765032736999274, 20.553401714998472, 20.095696965998286], "circuit_size": 263334, "setup_time_list": [16.776391392999358, 16.425179177000246, 16.666090679000263, 16.66925298699971, 16.6534266869985, 16.74764437200065, 17.10043804399902, 16.67402832299922, 16.68059480500051, 16.69888784899922], "proving_key_size": 86676184, "verification_key_size": 3721, "proving_time_list": [24.660373869999603, 24.37310613599948, 24.47807740099961, 24.405498726000587, 24.4231472679985, 24.655281367999123, 24.69160578300034, 23.737178854999, 24.403379956000208, 24.362492488999123], "verification_time_list": [0.026258230282001024, 0.026933797634001166, 0.026294390986000508, 0.026375653600000076, 0.026389056631998756, 0.026540517775998522, 0.02665861574799965, 0.02699956709900107, 0.02644883320000008, 0.026620338390999677]}, "npauth": {"loop_amount": 10, "inner_loop_amount": 1000, "compile_time_list": [20.00951599000109, 20.044496729999082, 19.819273147000786, 19.861777758000244, 19.95788113999879, 19.823437396998997, 19.723929908001082, 19.702793646998543, 19.830419012001585, 19.77650144799918], "circuit_size": 263334, "setup_time_list": [16.61043732899998, 16.893189611000707, 16.536997573999543, 16.779291260998434, 16.68226248300016, 16.616340127000512, 16.72991021099915, 16.42929001899938, 16.702157848998468, 16.50867809800002], "proving_key_size": 86676184, "verification_key_size": 3721, "proving_time_list": [24.4480443249995, 24.44380432699836, 24.51832612099861, 24.402128271000038, 24.392686474000584, 24.41627985699961, 24.3416870330002, 24.11309542500021, 24.488351549000072, 24.242656386999442], "verification_time_list": [0.02647743918699962, 0.026726596247000998, 0.027040111431000696, 0.026590602369000408, 0.02682972678999977, 0.02667212861000007, 0.02654139657899941, 0.026611397798998952, 0.026782954196998617, 0.0264820704069989]}, "nullifier_pseudoauth": {"loop_amount": 10, "inner_loop_amount": 1000, "compile_time_list": [19.79015995699956, 19.255571063999014, 18.991126047998478, 19.746276425999895, 19.14797191300022, 19.58206823999899, 19.52727241499997, 19.017873530001452, 18.884154929000943, 19.57346100399991], "circuit_size": 261313, "setup_time_list": [15.247872521000318, 15.192104739999195, 15.67728862399963, 15.631525545999466, 15.205635917000109, 15.494033914999818, 15.027132967999933, 15.526836439999897, 15.785365682999327, 15.574535575999107], "proving_key_size": 69568152, "verification_key_size": 4213, "proving_time_list": [23.390217193000353, 23.664770385999873, 24.359547268000824, 23.756908871000633, 23.932563893000406, 23.76741866500015, 23.688276889000917, 23.691746558000887, 23.70208710999941, 23.763142582], "verification_time_list": [0.026810199523000847, 0.026718510713999423, 0.02684327937099988, 0.026723335140999553, 0.026678461004999918, 0.026900549998001226, 0.027139102383000137, 0.02715725308199944, 0.027687580933999926, 0.026805100241999752]}, "nullifier_tokenauth": {"loop_amount": 10, "inner_loop_amount": 1000, "compile_time_list": [93.0805523580002, 92.68023155499941, 93.26617271299983, 92.62318818600033, 93.41311546399993, 93.46588034700108, 93.09076694900068, 92.70382048899955, 93.43457919600041, 92.33724931399956], "circuit_size": 530582, "setup_time_list": [63.834912119000364, 64.3763625570009, 64.45141117700041, 64.61342695099847, 64.73260851300074, 64.32448245399974, 64.64932338599829, 64.31612851799946, 63.8928111339992, 63.754322634000346], "proving_key_size": 167013528, "verification_key_size": 6837, "proving_time_list": [110.10167466200073, 107.40273361000072, 108.53872755500015, 108.77047859400045, 109.38911009200092, 108.71140261900109, 108.12420731700149, 108.17880380899805, 109.16532564299996, 108.38910745199973], "verification_time_list": [0.027117671342002724, 0.026840274455997133, 0.02711244535899823, 0.0270230465550012, 0.02684719194200079, 0.02690856945300038, 0.02685570836199986, 0.02725536053399992, 0.02726197446700098, 0.027372879786998965]}, "delegatable_npauth": {"loop_amount": 10, "inner_loop_amount": 1000, "compile_time_list": [19.961087648000102, 19.90496412399807, 19.985681491998548, 19.754802404997463, 19.917845273997955, 19.851930239001376, 19.869250550000288, 19.876307684000494, 19.95162830100162, 20.016271420998237], "circuit_size": 263334, "setup_time_list": [16.562088358998153, 16.491795066998748, 16.47916455200175, 16.52714471500076, 16.797741287999088, 16.62942526199913, 16.61082549800267, 16.58435836100034, 16.678506637999817, 16.652929092000704], "proving_key_size": 86676184, "verification_key_size": 3721, "proving_time_list": [24.601736867, 24.392622005001613, 23.93736590000117, 24.423288207999576, 24.156175404998066, 24.404200159999164, 24.332148604000395, 24.47505857500073, 24.45297471700178, 24.427388987001905], "verification_time_list": [0.02688296356199862, 0.02665128096800254, 0.026716048695001517, 0.026537554646998616, 0.026899292378999233, 0.026900718044002132, 0.026911421312001037, 0.02689477267999973, 0.027133025440998607, 0.02702119040999969]}}